{
    "training_duration_minutes": 2.79,
    "epochs_completed": 15,
    "epochs_requested": 20,
    "early_stopped": true,
    "batch_size": 32,
    "best_val_accuracy": 0.9911666512489319,
    "best_val_accuracy_epoch": 14,
    "best_val_loss": 0.0422615110874176,
    "best_val_loss_epoch": 10,
    "final_train_accuracy": 0.9975833296775818,
    "final_train_loss": 0.007930988445878029,
    "final_val_accuracy": 0.9905833601951599,
    "final_val_loss": 0.04959261417388916,
    "overfitting_gap_percent": 0.6999969482421875,
    "initial_learning_rate": 0.001,
    "final_learning_rate": 0.001
}