{
    "training_duration_minutes": 4.82,
    "epochs_completed": 14,
    "epochs_requested": 20,
    "early_stopped": true,
    "batch_size": 32,
    "best_val_accuracy": 0.9915833473205566,
    "best_val_accuracy_epoch": 13,
    "best_val_loss": 0.03571358323097229,
    "best_val_loss_epoch": 9,
    "final_train_accuracy": 0.9978749752044678,
    "final_train_loss": 0.00635508494451642,
    "final_val_accuracy": 0.9911666512489319,
    "final_val_loss": 0.046302713453769684,
    "overfitting_gap_percent": 0.6708323955535889,
    "initial_learning_rate": 0.001,
    "final_learning_rate": 0.001
}